URL,Title,Snippet
https://www.britannica.com/biography/Elon-Musk,"Elon Musk | Biography, SpaceX, Tesla, Twitter, X, & Facts | Britannica",Musk was born to a South African father and a Canadian mother. He displayed an early talent for computers and entrepreneurship. At age 12 he created a video ...
https://www.spacex.com/launches/,Launches - SpaceX,"SpaceX designs, manufactures and launches advanced rockets and spacecraft. The company was founded in 2002 to revolutionize space technology, with the ..."
https://twitter.com/FedorovMykhailo/status/1497543633293266944,"Mykhailo Fedorov on X: ""@elonmusk, while you try to colonize Mars ...","Feb 26, 2022 ... @elonmusk. , while you try to colonize Mars — Russia try to occupy Ukraine! While your rockets successfully land from space — Russian rockets ..."
https://www.nbcnews.com/news/us-news/teen-rejects-elon-musks-5000-offer-shut-jet-tracker-rcna14256,"Teen rejects Elon Musk's $5,000 offer to shut down jet tracker","Feb 2, 2022 ... A 19-year-old Florida university student and aviation enthusiast says he rejected a $5000 offer from Elon Musk to shut down @ElonJet, ..."
https://twitter.com/elonmusk/status/1497701484003213317,"Elon Musk on X: ""@FedorovMykhailo Starlink service is now active ...","Elon Musk · @elonmusk. Starlink service is now active in Ukraine. More terminals en route. 10:33 PM · Feb 26, 2022 · 126.3K. Reposts · 24.5K."
https://www.cnn.com/2022/02/17/business/elon-musk-neuralink-animal-cruelty-intl-scli/index.html,"Elon Musk's Neuralink confirms monkeys died in project, denies ...","Feb 17, 2022 ... Elon Musk's implant company Neuralink, which aims to enable brains to connect and communicate with computers, has acknowledged that monkeys ..."
https://cointelegraph.com/top-people-in-crypto-and-blockchain-2022/elon-musk,"Elon Musk: CEO of Tesla, founder and CEO of SpaceX, founder of ...","Born in Pretoria, South Africa, Elon Musk developed a knack for everything computer-related at a young age. At just 12 years old, he created a video game ..."
https://www.cnn.com/2022/02/10/investing/elon-musk-tesla-zero-tax-bill/index.html,Elon Musk's US tax bill: $11 billion. Tesla's: $0 | CNN Business,"Feb 10, 2022 ... Elon Musk has repeatedly bragged (or, perhaps, complained) that he'll pay more in federal taxes for 2021 than anyone has ever paid — about ..."
https://www.beckershospitalreview.com/disruptors/elon-musk-s-healthcare-disruption-brain-chips-clinical-research-and-more?utm_campaign=bhr&utm_source=website&utm_content=related,"Elon Musk's healthcare disruption: Brain chips, clinical research and ...","Feb 17, 2022 ... In October 2021, Elon Musk became the richest person in the world. With a net worth of about $241 billion as of Feb."
https://www.youtube.com/watch?v=Un2gSPpjqFo,DDG - Elon Musk ft. Gunna (Official Audio) - YouTube,"Feb 17, 2022 ... DDG ft. Gunna - Elon Musk (Official Audio) ""Elon Musk"" available at: https://DDG.lnk.to/ElonMusk Follow DDG: ..."
https://www.youtube.com/watch?v=xlP5uHcGSkg,Elon Musk Donates Over $5 Billion Worth Of Tesla Shares - YouTube,"Feb 16, 2022 ... Kanak News is Odisha's leading 24x7 news and current affairs TV channel from Eastern Media Limited. Odisha's largest media house that also ..."
https://twitter.com/elonmusk/status/1507777261654605828?lang=en,"Elon Musk on X: ""Given that Twitter serves as the de facto public ...","Mar 25, 2022 ... Conversation ... Given that Twitter serves as the de facto public town square, failing to adhere to free speech principles fundamentally ..."
https://www.npr.org/2022/03/03/1084366833/elon-musk-dares-united-autoworkers-to-try-to-unionize-tesla,Elon Musk dares United Autoworkers to try to unionize Tesla : NPR,"Mar 3, 2022 ... Elon Musk dares United Autoworkers to try to unionize Tesla ... Tesla CEO Elon Musk, a vocal union opponent, is now inviting the United ..."
https://twitter.com/elonmusk/status/1499976967105433600?lang=en,"Elon Musk on X: ""Starlink has been told by some governments (not ...","Mar 5, 2022 ... Elon Musk · @elonmusk. Starlink has been told by some governments (not Ukraine) to block Russian news sources. We will not do so unless at ..."
https://pagesix.com/article/elon-musk-children/,Elon Musk's kids: Meet his 11 children and their mothers,"Who are Elon Musk's kids? His 11 children's names, ages and mothers · Nevada Alexander Musk · Griffin and Vivian Musk · Kai, Saxon and Damian Musk · X AE A-XII ..."
https://twitter.com/elonmusk/status/1507259709224632344?lang=en,"Elon Musk on X: ""Free speech is essential to a functioning ...","Mar 25, 2022 ... Conversation ... Free speech is essential to a functioning democracy. Do you believe Twitter rigorously adheres to this principle?"
https://www.youtube.com/watch?v=fW43Pdw3F00,DDG - Elon Musk ft. Gunna (Official Music Video) - YouTube,"Mar 24, 2022 ... DDG - Elon Musk ft. Gunna (Official Music Video) ""Elon Musk"" available at: https://DDG.lnk.to/ElonMusk Directed by: Stripmall Production ..."
https://www.youtube.com/watch?v=Gv_XB6Hf6gM,The Science Behind Elon Musk's Neuralink Brain Chip | WIRED ...,"Mar 8, 2022 ... Neuralink, Elon Musk's brain chip, recently pushed back on claims that they violated animal welfare laws a few years ago, while testing on ..."
https://www.youtube.com/watch?v=U2G8ul8iHLE,"If anyone could steamroll the SEC, it would be Elon Musk, the ...","Mar 10, 2022 ... Ranjan Roy, Margins editor, joins 'TechCheck' to discuss Elon Musk's recent squabbles with the Securities Exchange Commission."
https://www.sec.gov/Archives/edgar/data/1418091/000110465922045641/tm2212748d1_sc13da.htm,Untitled,"Apr 13, 2022 ... /s/ Elon Musk. Elon Musk. Exhibit B. Bret Taylor. Chairman of the Board,. I invested in Twitter as I believe in its potential to be the platform ..."
https://www.prnewswire.com/news-releases/elon-musk-to-acquire-twitter-301532245.html,Elon Musk to Acquire Twitter,"Apr 25, 2022 ... (NYSE: TWTR) today announced that it has entered into a definitive agreement to be acquired by an entity wholly owned by Elon Musk, for $54.20 ..."
https://www.cnbc.com/2022/04/14/elon-musk-offers-to-buy-twitter-for-54point20-a-share-saying-it-needs-to-be-transformed-as-private-company.html,"Elon Musk offers to buy Twitter for $43 billion, so it can be ...","Apr 14, 2022 ... Elon Musk offered to buy Twitter for $54.20 a share, saying the social media company needs to be transformed privately."
https://www.goodreads.com/book/show/25541028-elon-musk,"Elon Musk: Tesla, SpaceX, and the Quest for a Fantastic Future by ...","Read 12k reviews from the world's largest community for readers. Elon Musk, the entrepreneur and innovator behind SpaceX, Tesla, and SolarCity, sold one of…"
https://www.bbc.com/news/business-61222470,Elon Musk strikes deal to buy Twitter for $44bn - BBC News,"Apr 26, 2022 ... Elon Musk strikes deal to buy Twitter for $44bn ... The board of Twitter has agreed to a $44bn (£34.5bn) takeover offer from the billionaire Elon ..."
https://www.nytimes.com/2022/04/04/technology/elon-musk-twitter.html,Elon Musk Becomes Twitter's Largest Shareholder - The New York ...,"Apr 5, 2022 ... The Tesla chief executive, who has been critical of Twitter's content moderation policies, has bought 9.2 percent of the social media ..."
https://twitter.com/elonmusk/status/1518623997054918657?lang=en,"Elon Musk on X: ""I hope that even my worst critics remain on Twitter ...","Apr 25, 2022 ... Elon Musk · @elonmusk. I hope that even my worst critics remain on Twitter, because that is what free speech means. 4:12 PM · Apr 25, 2022."
https://www.npr.org/2022/04/25/1094671225/elon-musk-bought-twitter-plans,Elon Musk bought Twitter. Here's what he says he'll do next : NPR,"Apr 25, 2022 ... In an interview with Fox News on Monday, Trump called Musk ""a good man,"" saying he was pleased with the billionaire's acquisition, but Trump ..."
https://www.nbcnews.com/tech/tech-news/elon-musk-reaches-deal-buy-twitter-rcna25806,Elon Musk reaches deal to buy Twitter for $44 billion,"Apr 25, 2022 ... Elon Musk buys Twitter for approximately $44 billion ... Elon Musk is buying Twitter and taking it private. Twitter's board of directors ..."
https://www.cnn.com/2022/04/25/tech/elon-musk-twitter-sale-agreement/index.html,Elon Musk to buy Twitter in $44 billion deal | CNN Business,"Apr 25, 2022 ... Twitter said Monday it has agreed to sell itself to Elon Musk in a roughly $44 billion deal that has the potential to expand the ..."
https://www.axios.com/2022/04/15/elon-musk-aspergers-syndrome,Elon Musk talks about growing up with Asperger's,"Apr 15, 2022 ... Elon Musk opens up on how Asperger's has impacted his life ... Elon Musk opened up on Thursday about his experience growing up with Asperger's ..."
https://www.bloomberg.com/news/articles/2022-04-14/elon-musk-launches-43-billion-hostile-takeover-of-twitter,Elon Musk Wants to Buy Out Twitter (TWTR) in Final $43 Billion ...,"Apr 14, 2022 ... Billionaire entrepreneur Elon Musk offered to take Twitter Inc. private in a deal valued at $43 billion, lambasting company management and ..."
https://www.cnn.com/2022/04/04/investing/elon-musk-twitter-shares-stake/index.html,"Elon Musk buys 9.2% of Twitter, making him the largest shareholder ...","Apr 4, 2022 ... Elon Musk recently purchased 9.2% of Twitter stock, according to a filing Monday, making him the largest shareholder in the company."
https://www.newyorker.com/news/q-and-a/why-elon-musk-bought-twitter,Why Elon Musk Bought Twitter | The New Yorker,"Apr 26, 2022 ... I assume it's because he has some genuine set of political and social beliefs about how Twitter should be run, and he feels like it isn't being ..."
https://www.reuters.com/technology/exclusive-twitter-set-accept-musks-best-final-offer-sources-2022-04-25/,"Musk gets Twitter for $44 billion, to cheers and fears of 'free speech ...","Apr 25, 2022 ... Musk is chief executive of both electric car maker Tesla Inc (TSLA.O) and aerospace company SpaceX, and it is not clear how much time he will ..."
https://time.com/6170834/elon-musk-business-timeline-twitter/,A Timeline of Elon Musk's Business Endeavors | Time,"Apr 27, 2022 ... A Complete Timeline of Elon Musk's Business Endeavors · 1995: Zip2 · 1999: X.com · 2000: PayPal · 2002: SpaceX · 2002: The Musk Foundation."
https://www.reuters.com/technology/elon-musk-offers-buy-twitter-5420-per-share-2022-04-14/,Musk makes $43 billion offer for Twitter to build 'arena for free ...,"Apr 15, 2022 ... Billionaire entrepreneur Elon Musk took aim at Twitter Inc with a $43 billion cash takeover offer on Thursday, with the Tesla CEO saying the ..."
https://www.wsgr.com/en/insights/wilson-sonsini-advises-twitter-on-dollar44-billion-acquisition-by-elon-musk.html,Wilson Sonsini Advises Twitter on $44 Billion Acquisition by Elon Musk,"Apr 25, 2022 ... On April 25, 2022, Twitter, Inc. announced that it has entered into a definitive agreement to be acquired by an entity wholly owned by Elon ..."
https://www.wsj.com/livecoverage/elon-musk-twitter/card/elon-musk-is-no-longer-twitter-s-largest-shareholder-BNwzaP8JDQLlUc6yAJBb,Elon Musk Is No Longer Twitter's Largest Shareholder,"Apr 14, 2022 ... While Elon Musk is trying to buy Twitter Inc., he's no longer the company's largest shareholder. Funds held by Vanguard Group recently upped ..."
https://www.usafa.edu/elon-musk-urges-cadet-researchers-at-u-s-air-force-academy-to-keep-innovating-make-rocket-launches-boring/,Elon Musk urges cadet researchers at U.S. Air Force Academy to ...,"Elon Musk urges cadet researchers at U.S. Air Force Academy to keep innovating, make rocket launches 'boring' ... U.S. AIR FORCE ACADEMY, Colo. — SpaceX CEO Elon ..."
https://www.psu.edu/news/huck-institutes-life-sciences/story/plantvillage-team-awarded-1m-elon-musk-xprize-carbon-removal/,PlantVillage Team awarded $1M in Elon Musk XPRIZE Carbon ...,"Apr 22, 2022 ... An international team led by David Hughes, founder of Penn State's PlantVillage project, has been named among 15 milestone winners of the ..."
https://www.space.com/18853-spacex.html,SpaceX: Facts About Elon Musk's Private Spaceflight Company ...,"Apr 27, 2022 ... SpaceX is a private spaceflight company that sends satellites and people to space, including NASA crews to the International Space Station (ISS) ..."
https://news.syr.edu/blog/2022/04/27/elon-musk-is-ill-equipped-to-own-twitter-town-square/,“Elon Musk is ill-equipped to own Twitter 'town square'” | Syracuse ...,"Apr 27, 2022 ... ... Elon Musk is ill-equipped to own Twitter 'town square.'” Stromer-Galley, who has been studying social media for years, believes that Elon Musk's ..."
https://law.stanford.edu/publications/running-twitter-is-going-to-disappoint-elon-musk/,Running Twitter Is Going to Disappoint Elon Musk - Op-Ed or ...,"Apr 25, 2022 ... ... Elon Musk, The Atlantic (Apr. 25, 2022), https://www.theatlantic.com/ideas/archive/2022/04/elon-musk-twitter-free-speech/629673/. Link(s): ..."
https://www.pbs.org/newshour/tag/elon-musk/page/11,Elon Musk - Page 11 | PBS NewsHour,"Turning Twitter into a 'free speech' haven might not be as easy as Elon Musk thinks. By Barbara Ortutay, Amanda Seitz, Associated Press."
https://www.autodesk.com/design-make/e-books/elon-musk-keywords,Elon Musk Keywords Infographic,Leveraging Artificial Intelligence and Automation for Return on Investment in Innovation (D&M). Learn how advanced technologies and a collaborative approach ...
https://law.scu.edu/news/stephen-diamond-spoke-with-marketwatch-about-elon-musk-buying-twitter/,Stephen Diamond spoke with MarketWatch about Elon Musk buying ...,"Apr 26, 2022 ... Stephen Diamond spoke with MarketWatch about Elon Musk buying Twitter ... Stephen Diamond spoke with MarketWatch about Elon Musk buying Twitter."
https://www.theverge.com/2022/4/11/23019836/elon-musk-twitter-board-of-directors-news-updates,The entire story of Twitter / X under Elon Musk - The Verge,"Apr 11, 2022 ... The $44 billion deal is done: Elon Musk owns Twitter. After layoffs, unpaid bills, and rate limits, he's rebranding the company as X, ..."
https://www.euronews.com/next/2022/04/13/shareholders-sue-elon-musk-over-delay-in-disclosing-twitter-stake,Shareholders sue Elon Musk over delay in disclosing Twitter stake ...,"Apr 13, 2022 ... The lawsuit accuses Elon Musk of delaying the disclosure of his stake in Twitter so he could buy more shares at lower prices."
https://www.youtube.com/playlist?list=PLfLa1ucYOKta0k9ndxgAdvIJv2guUWKAK,"Elon Musk, Twitter - YouTube","7 videosLast updated on Apr 25, 2022. Play all · Shuffle · 1:11 · Elon Musk Reaches Deal To Buy Twitter. MSNBC."
https://law.scu.edu/news/stephen-diamond-spoke-with-marketwatch-about-elon-musk-buying-twitter/,Stephen Diamond spoke with MarketWatch about Elon Musk buying ...,"Apr 26, 2022 ... Stephen Diamond spoke with MarketWatch about Elon Musk buying Twitter ... Stephen Diamond spoke with MarketWatch about Elon Musk buying Twitter."
https://www.euronews.com/next/2022/04/13/shareholders-sue-elon-musk-over-delay-in-disclosing-twitter-stake,Shareholders sue Elon Musk over delay in disclosing Twitter stake ...,"Apr 13, 2022 ... The lawsuit accuses Elon Musk of delaying the disclosure of his stake in Twitter so he could buy more shares at lower prices."
https://www.youtube.com/playlist?list=PLfLa1ucYOKta0k9ndxgAdvIJv2guUWKAK,"Elon Musk, Twitter - YouTube","7 videosLast updated on Apr 25, 2022. Play all · Shuffle · 1:11 · Elon Musk Reaches Deal To Buy Twitter. MSNBC."
https://pen.org/pen_category/elon-musk/,Elon Musk Archives - PEN America,"Apr 25, 2022 ... PEN America Chief Executive Officer Suzanne Nossel made the following comment in response to news that Elon Musk will buy Twitter in a $44 ..."
https://www.nbcbayarea.com/news/national-international/elon-musk-accused-of-breaking-law-while-buying-twitter-stock/2862093/,Elon Musk Accused of Breaking Law While Buying Twitter Stock ...,"Apr 12, 2022 ... Elon Musk's huge Twitter investment took a new twist Tuesday with the filing of a lawsuit alleging that the colorful billionaire illegally ..."
https://www.ctvnews.ca/mobile/business/judge-rejects-gag-order-in-suit-over-2018-elon-musk-tweets-1.5869430?cache=yesclipId10406200text/html;charset=utf-80404/7.583574/7.285489,Judge rejects gag order in suit over 2018 Elon Musk tweets | CTV ...,"Apr 20, 2022 ... A federal judge in California has rejected a request from shareholders in a lawsuit to force Elon Musk stop talking about his 2018 tweets in ..."
https://www.smh.com.au/business/companies/billionaire-s-folly-musk-has-succeeded-now-he-has-to-make-it-pay-20220426-p5ag68.html,"Elon Musk-Twitter takeover: Tesla CEO succeeds, but now has to ...","Apr 26, 2022 ... For all of Elon Musk's town crying to Twitter shareholders and his jawboning of its board, it was Twitter's financial performance that ..."
https://www.ted.com/talks/elon_musk_a_future_worth_getting_excited_about?language=en,Elon Musk: A future worth getting excited about | TED Talk,"Apr 6, 2022 ... What's on Elon Musk's mind? In conversation with head of TED Chris Anderson, Musk details how the radical new innovations he's working on ..."
https://www.ted.com/talks/elon_musk_elon_musk_talks_twitter_tesla_and_how_his_brain_works_live_at_ted2022?language=en,"Elon Musk: Elon Musk talks Twitter, Tesla and how his brain works ...","Apr 14, 2022 ... In this live, unedited conversation, Elon Musk -- the head of Tesla, SpaceX, Neuralink and The Boring Company -- digs into the recent news ..."
https://www.timesnownews.com/technology-science/elon-musk-not-joining-twitter-board-ceo-parag-agrawal-article-90772599,Elon Musk not joining Twitter board: CEO Parag Agrawal,"Apr 10, 2022 ... Elon Musk has decided against joining the Twitter board. To recall, Musk had disclosed a 9.2% stake in Twitter just a few days ago."
https://www.nytimes.com/2022/05/03/technology/elon-musk-twitter-plan.html,"How Elon Musk Winged It With Twitter, and Everything Else - The ...","May 3, 2022 ... 'I Don't Really Have a Business Plan': How Elon Musk Wings It · To a degree unseen in any other mogul, the entrepreneur acts on whim, fancy and ..."
https://apnews.com/article/elon-musk-spacex-technology-2e6b0f2c2f70fdd07f853169e3515e3b,"Elon Musk, an erratic visionary, revels in contradiction | AP News","May 11, 2022 ... Elon Musk, an erratic visionary, revels in contradiction ... As the uproar over Elon Musk's $44 billion buyout of Twitter reaches a crescendo, ..."
https://www.cnbc.com/2022/06/01/elon-musk-reportedly-tells-tesla-workers-to-be-in-office-full-time-or-resign.html,"Elon Musk tells Tesla workers to be in office full time or resign, report ...","Jun 1, 2022 ... Elon Musk tells Tesla workers to return to the office full time or resign ... Elon Musk has told Tesla employees to come back into their ..."
https://twitter.com/elonmusk/status/1526997132858822658?lang=en,"Elon Musk on X: ""In the past I voted Democrat, because they were ...","May 18, 2022 ... Elon Musk · @elonmusk. In the past I voted Democrat, because they were (mostly) the kindness party. But they have become the party of division ..."
https://www.npr.org/2022/06/01/1102513281/elon-musk-tesla-return-to-work,Elon Musk tells employees to return to the office 40 hours a week ...,"Jun 1, 2022 ... ""Anyone who wishes to do remote work must be in the office for a minimum (and I mean *minimum*) of 40 hours per week or depart Tesla. This is ..."
https://time.com/6180638/tesla-esg-index-musk/,Why Tesla CEO Elon Musk Is Calling ESG a 'Scam' | Time,"May 25, 2022 ... Tesla's CEO took to Twitter to air his frustration over the news that the company had slipped off the S&P 500 ESG index. “ESG is a scam. It has ..."
https://www.aclu.org/press-releases/aclu-comment-elon-musk-stating-he-will-reinstate-trump-twitter,ACLU Comment on Elon Musk Stating He Will Reinstate Trump on ...,"May 10, 2022 ... ACLU Comment on Elon Musk Stating He Will Reinstate Trump on Twitter ... NEW YORK — Today, Elon Musk announced he plans to reverse former ..."
https://www.reuters.com/business/sustainable-business/tesla-removed-sp-500-esg-index-autopilot-discrimination-concerns-2022-05-18/,"Tesla cut from S&P 500 ESG Index, and Elon Musk tweets his fury ...","May 19, 2022 ... An S&P Dow Jones Indices executive said it had removed Tesla from the S&P 500 ESG Index because of issues including claims of racial ..."
https://www.theguardian.com/technology/2022/jun/01/elon-musk-return-to-office-pretend-to-work-somewhere-else,Elon Musk tells employees to return to office or 'pretend to work ...,"Jun 1, 2022 ... Elon Musk tells employees to return to office or 'pretend to work' elsewhere ... Elon Musk, the Tesla chief executive, has asked employees to ..."
https://www.cbsnews.com/news/elon-musk-donald-trump-twitter-allow/,Elon Musk says he would allow Donald Trump back on Twitter - CBS ...,"May 11, 2022 ... Elon Musk says he would allow Donald Trump back on Twitter ... Elon Musk said on Tuesday that he would allow former President Donald Trump back on ..."
https://www.businessinsider.com/spacex-paid-250000-to-a-flight-attendant-who-accused-elon-musk-of-sexual-misconduct-2022-5,"SpaceX Paid $250,000 to a Flight Attendant Who Accused Elon ...","May 19, 2022 ... Elon Musk. Elon Musk was accused of sexual misconduct by a SpaceX flight attendant. Andrew Kelly/Reuters. A flight attendant for SpaceX said ..."
https://setkab.go.id/en/elon-musk-to-visit-indonesia-in-november-this-year/,Elon Musk to Visit ... - Sekretariat Kabinet Republik Indonesia,"Elon Musk to Visit Indonesia in November This Year ... During his visit to SpaceX in Boca Chica, Texas, the United States, Saturday (05/14), President Joko “ ..."
https://www.cbsnews.com/texas/news/after-all-the-hype-elon-musks-twitter-deal-is-on-hold/,"After all the hype, Elon Musk's Twitter deal is 'on hold' - CBS Texas","May 13, 2022 ... LONDON (CBSDFW.COM/AP) — Citing the need to pinpoint the exact number of spam and fake accounts on Twitter, Elon Musk now says his plan to ..."
https://www.irishtimes.com/technology/big-tech/2022/05/10/elon-musk-says-he-would-reverse-twitters-ban-of-donald-trump-1.4874936/,Elon Musk says he would reverse Twitter's ban of Donald Trump ...,"May 10, 2022 ... Elon Musk has said he would reverse Twitter's decision to ban former US president Donald Trump from the platform, describing the decision as ..."
https://www.smh.com.au/business/companies/elon-musk-needs-an-exit-from-his-ill-timed-twitter-bid-20220516-p5allp.html,Elon Musk needs an exit from his ill-timed Twitter bid,"May 16, 2022 ... You don't have to look hard for the reason for Elon Musk's decision to put his $US44 billion bid for Twitter “temporarily on hold."
https://www.afr.com/technology/elon-musk-plays-down-fears-twitter-deal-will-jeopardise-tesla-focus-20220512-p5aknp,Elon Musk plays down fears Twitter deal will jeopardise Tesla focus,"May 12, 2022 ... In a wide-ranging interview at the FT's Future of the Car Summit Musk swatted away questions about whether Twitter will weigh on his wider ..."
https://www.cnbc.com/2022/06/01/elon-musk-reportedly-tells-tesla-workers-to-be-in-office-full-time-or-resign.html,"Elon Musk tells Tesla workers to be in office full time or resign, report ...","Jun 1, 2022 ... Elon Musk tells Tesla workers to return to the office full time or resign ... Elon Musk has told Tesla employees to come back into their ..."
https://www.bbc.com/news/business-61666339,Elon Musk declares end to remote working at Tesla - BBC News,"Jun 2, 2022 ... Elon Musk declares end to remote working at Tesla ... Tesla boss Elon Musk has ordered staff to return to the office full-time, declaring that ..."
https://www.cnn.com/2022/06/01/tech/elon-musk-tesla-ends-work-from-home/index.html,"Elon Musk tells Tesla employees: Return to the office, or else | CNN ...","Jun 2, 2022 ... Elon Musk is demanding that Tesla office workers return to in-person work or leave the company."
https://www.npr.org/2022/06/01/1102513281/elon-musk-tesla-return-to-work,Elon Musk tells employees to return to the office 40 hours a week ...,"Jun 1, 2022 ... ""Anyone who wishes to do remote work must be in the office for a minimum (and I mean *minimum*) of 40 hours per week or depart Tesla. This is ..."
https://www.nytimes.com/2022/06/01/technology/elon-musk-tesla-spacex-office.html,Elon Musk Tells Tesla and SpaceX Workers to Return to Office 40 ...,"Jun 1, 2022 ... In emails to workers at SpaceX and Tesla, Mr. Musk said they were required to spend a minimum of 40 hours a week in the office."
https://www.reuters.com/technology/exclusive-musk-says-tesla-needs-cut-staff-by-10-pauses-all-hiring-2022-06-03/,Exclusive: Elon Musk wants to cut 10% of Tesla jobs | Reuters,"Jun 3, 2022 ... Tesla CEO Elon Musk has a ""super bad feeling"" about the economy and needs to cut about 10% of salaried staff at the electric carmaker, ..."
https://law.ucla.edu/academics/curriculum/law-elon-musk,Law of Elon Musk | UCLA Law,"In many situations, Musk's push the edge of the envelope style led to the creation of new law. The organizing principle of this course is what economists refer ..."
https://www.reuters.com/legal/transactional/elon-musk-sued-258-billion-over-alleged-dogecoin-pyramid-scheme-2022-06-16/,Elon Musk sued for $258 billion over alleged Dogecoin pyramid ...,"Jun 17, 2022 ... Elon Musk was sued for $258 billion on Thursday by a Dogecoin investor who accused him of running a pyramid scheme to support the ..."
https://www.theguardian.com/technology/2022/jun/01/elon-musk-return-to-office-pretend-to-work-somewhere-else,Elon Musk tells employees to return to office or 'pretend to work ...,"Jun 1, 2022 ... Elon Musk tells employees to return to office or 'pretend to work' elsewhere ... Elon Musk, the Tesla chief executive, has asked employees to ..."
https://www.politico.eu/article/elon-musk-ukraine-starlink/,UkraineX: How Elon Musk's space satellites changed the war on the ...,"Jun 8, 2022 ... But Musk's Starlink — based on a cluster of table-sized satellites flying as low as 130 miles above Ukraine and beaming down high-speed internet ..."
https://twitter.com/elonmusk/status/1531867103854317568?lang=en,"Elon Musk on X: ""@WholeMarsBlog They should pretend to work ...","Elon Musk · @elonmusk. They should pretend to work somewhere else. 5:15 AM · Jun 1, 2022 · 1,317. Reposts · 992. Quotes · 15K. Likes. 238."
"https://merage.uci.edu/news/2022/06/Apodaca-Elon-Musk-isnt-always-right.-Take-for,-for-example,-his-attitude-toward-remote-work.html","Apodaca: Elon Musk isn't always right. Take for, for example, his ...","Apodaca: Elon Musk isn't always right. Take for, for example, his attitude toward remote work. June 15, 2022 • By Patrice Apodaca ..."
https://www.farrellfritz.com/rss-post/may-elon-musk-terminate-his-merger-agreement-with-twitter-over-spambots/,May Elon Musk Terminate his Merger Agreement with Twitter over ...,"Jun 8, 2022 ... Another week, another chapter in the Elon Musk-Twitter saga. Last month, Musk posted tweets questioning longtime Twitter claims that ..."
https://www.beckershospitalreview.com/disruptors/elon-musk-s-ultimatum-to-tesla-workers-return-to-office-or-resign.html,Elon Musk's ultimatum to Tesla workers: return to office or resign,"Jun 2, 2022 ... Elon Musk told Tesla employees to return to in-person work for at least 40 hours a week or leave the company, CNBC reported June 1."
https://www.youtube.com/watch?v=nVbYUpQyJzE,Twitter to comply with Elon Musk's demand for bot data - YouTube,"Jun 8, 2022 ... CNBC's Julia Boorstin joins 'Halftime Report' to report on the latest development in the Twitter - Elon Musk deal. For access to live and ..."
https://www.cnbc.com/2022/07/08/elon-musk-notifies-twitter-he-is-terminating-deal.html,Elon Musk notifies Twitter he is terminating deal,"Jul 8, 2022 ... Elon Musk notifies Twitter he is terminating deal · Billionaire Elon Musk wants to end his $44 billion deal to buy Twitter. · Musk's lawyer ..."
https://www.ilctr.org/entrepreneur-hof/elon-musk/,Elon Musk > The Immigrant Learning Center,Elon Musk immigrated from South Africa at 17 and went on to found some of the biggest tech companies in the world.
https://hbr.org/2022/07/does-elon-musk-have-a-strategy,Does Elon Musk Have a Strategy?,"Jul 15, 2022 ... The most identifiable and consistent characteristic of the Musk strategy is how he organizes his businesses. Specifically, he engages in a ..."
https://www.cnbc.com/2022/07/12/twitter-sues-elon-musk-to-enforce-original-merger-agreement.html,Twitter sues Elon Musk to enforce original merger agreement,"Jul 12, 2022 ... Twitter filed suit against Elon Musk Tuesday after the billionaire said he was terminating his $44 billion deal to buy the company."
https://www.wsj.com/articles/elon-musk-affair-sergey-brin-wife-divorce-11658674840,Elon Musk's Friendship With Sergey Brin Ruptured by Alleged Affair ...,"Jul 25, 2022 ... About 11 hours after this article published online, Mr. Musk tweeted: “This is total bs. Sergey and I are friends and were at a party together ..."
https://www.reuters.com/technology/elon-musk-terminating-twitter-deal-2022-07-08/,Twitter vows legal fight after Musk pulls out of $44 billion deal | Reuters,"Jul 8, 2022 ... Elon Musk, the chief executive officer of Tesla and the world's richest person, said on Friday he was terminating his $44 billion deal to ..."
https://www.bbc.com/news/business-62102821,Elon Musk pulls out of $44bn deal to buy Twitter - BBC News,"Jul 9, 2022 ... Elon Musk pulls out of $44bn deal to buy Twitter ... Elon Musk is seeking to end his $44bn (£36bn) bid to buy Twitter, alleging multiple breaches ..."
https://www.mclarenpalmbeach.com/mclaren-information/elon-musk-mclaren-f1/,What Happened to Elon Musk's McLaren F1? | McLaren Palm Beach,"Elon Musk owned his McLaren F1 until 2007, when he sold it at profit, despite the accident. While Elon loved McLaren F1, as he started Tesla and began ..."
https://www.bbc.com/news/business-62144776,Twitter sues Elon Musk over $44bn takeover deal - BBC News,"Jul 13, 2022 ... Twitter sues Elon Musk over $44bn takeover deal ... Twitter is suing billionaire Elon Musk to try to force him to buy the social media firm, ..."
https://en.wikipedia.org/wiki/SpaceX,SpaceX - Wikipedia,"First private spacecraft (Elon Musk's Tesla Roadster) launched into heliocentric orbit. Falcon Heavy test flight. 2 March 2019, First private company to send a ..."
https://www.hindustantimes.com/topic/elon-musk,"Elon Musk: Get Latest News, Photos and Videos along with latest ...","Elon Musk-Read Latest News on Elon Musk along with top headlines and breaking news today. Also get Elon Musk Updates, Photos and Videos at Hindustan Times."
https://law.scu.edu/news/stephen-diamond-spoke-with-marketwatch-about-possible-litigation-after-elon-musk-pulls-out-of-twitter-deal/,Stephen Diamond spoke with MarketWatch about possible litigation ...,"Jul 13, 2022 ... Stephen Diamond spoke with MarketWatch about possible litigation after Elon Musk pulled out of his $44 billion deal to buy Twitter Inc."
https://www.fnlondon.com/articles/elon-musk-twitter-sale-pull-out-law-suit-20220711,Elon Musk sets up strange legal drama by spurning Twitter deal,"Jul 11, 2022 ... Elon Musk's showdown with Twitter has set the stage for what could become one of the most unusual courtroom battles in corporate-takeover ..."
https://www.cnn.com/2022/08/30/health/elon-musk-population-collapse-wellness/index.html,Elon Musk thinks the population will collapse. Demographers say it's ...,"Aug 30, 2022 ... Billionaire Elon Musk tweeted, not for the first time, that “population collapse due to low birth rates is a much bigger risk to ..."
https://twitter.com/elonmusk/status/1554335028313718784?lang=en,"Elon Musk on X: ""Worth reading. This is a close match for my ...","Aug 2, 2022 ... Conversation ... Worth reading. This is a close match for my philosophy. ... My new book, What We Owe The Future, is now available for pre-order! It ..."
https://time.com/6203815/elon-musk-flaws-billionaire-visions/,Elon Musk's Flawed Vision and the Dangers of Trusting Billionaires ...,"Aug 8, 2022 ... What we really need right now is not more cars, colonization dreams, and technokings, but a collective project to improve the lives of billions ..."
https://twitter.com/elonmusk/status/1559691922725281800,"Elon Musk on X: ""Also, I'm buying Manchester United ur welcome"" / X","Elon Musk · @elonmusk. Also, I'm buying Manchester United ur welcome. 12:01 AM · Aug 17, 2022 · 111.8K. Reposts · 52.4K. Quotes · 842.4K. Likes."
https://www.amazon.com/Space-Barons-Bezos-Colonize-Cosmos/dp/1610398297,"The Space Barons: Elon Musk, Jeff... by Davenport, Christian","The Space Barons is also a story of rivalry-hard-charging startups warring with established contractors, and the personal clashes of the leaders of this new ..."
https://www.theverge.com/23026874/elon-musk-twitter-buyout-news-updates,Elon Musk vs. Twitter: all the news about one of the biggest ...,"Elon Musk made a deal to buy Twitter and then decided he wanted out. After a summer detour to Chancery Court in Delaware, Musk has closed the acquisition ..."
https://www.amazon.co.uk/Elon-Musk-Billionaire-SpaceX-Shaping/dp/075355562X,"Elon Musk: How the Billionaire CEO of... by Vance, Ashlee","Buy Elon Musk: How the Billionaire CEO of SpaceX and Tesla is Shaping our Future by Vance, Ashlee (ISBN: 9780753555620) from Amazon's Book Store."
https://www.bbc.com/news/technology-63100636,Tesla boss Elon Musk presents humanoid robot Optimus - BBC News,"Oct 1, 2022 ... Tesla boss Elon Musk presents humanoid robot Optimus · Tech billionaire Elon Musk has presented the latest prototype of a humanoid robot being ..."
https://www.reuters.com/business/autos-transportation/elon-musk-faces-skeptics-tesla-gets-ready-unveil-optimus-robot-2022-09-20/,Focus: Elon Musk faces skeptics as Tesla gets ready to unveil ...,"Sep 20, 2022 ... Musk's Texas company now is floating ambitious plans to deploy thousands of humanoid robots, known as Tesla Bot or Optimus, within its factories ..."
https://www.documentcloud.org/documents/23112929-elon-musk-text-exhibits-twitter-v-musk,Elon Musk text exhibits (Twitter v. Musk) - DocumentCloud,Elon Musk text exhibits (Twitter v. Musk). Original Document (PDF) ». Contributed by Kate Conger (Kate Conger Investigative Projects). OCR: Tesseract.
https://www.reuters.com/markets/us/elon-musk-258-billion-dogecoin-lawsuit-expands-2022-09-07/,Elon Musk $258 billion Dogecoin lawsuit expands | Reuters,"Sep 7, 2022 ... The $258 billion racketeering lawsuit accusing Elon Musk of running a pyramid scheme to support the cryptocurrency Dogecoin has expanded, ..."
https://www.theatlantic.com/technology/archive/2022/09/elon-musk-texts-twitter-trial-jack-dorsey/671619/,Elon Musk's Texts Shatter the Myth of the Tech Genius - The Atlantic,"Sep 30, 2022 ... In a string of texts to his brother, the entrepreneur Kimbal Musk, he manages to convince himself that the idea could be huge and a way to crush ..."
https://www.tesla.com/tr_tr/elon-musk,Elon Musk | Tesla Türkiye,"Elon Musk co-founded and leads Tesla, SpaceX, Neuralink and The Boring Company. As the co-founder and CEO of Tesla, Elon leads all product design, ..."
https://twitter.com/elonmusk/status/1566849074762059777?lang=en,"Elon Musk on X: ""Tolkien is turning in his grave"" / X","Elon Musk · @elonmusk. Tolkien is turning in his grave. 6:01 PM · Sep 5, 2022 · 24.9K. Reposts · 7,734. Quotes · 271.3K. Likes. 1,669. Bookmarks."
https://www.bbc.co.uk/programmes/m001d1n9,BBC Two - The Elon Musk Show,Uncovering the story of how Elon Musk became the richest man who has ever lived.
https://www.cpmlegal.com/news-Tesla-Buyers-Say-Elon-Musk-Overhyped-Self-Driving-Tech,Tesla Buyers Say Elon Musk Overhyped 'Self-Driving' Tech: Top ...,"Sep 15, 2022 ... A California Tesla owner is suing Tesla Inc. in a proposed class action in federal court, saying the company's CEO Elon Musk has been ..."
https://www.nytimes.com/2022/10/27/technology/elon-musk-twitter-deal-complete.html,Elon Musk Completes $44 Billion Deal to Own Twitter - The New ...,"Oct 27, 2022 ... In April, he struck the deal to buy the company for $44 billion and said he would lift Twitter's content moderation policies, eliminate spam, ..."
https://www.biography.com/business-leaders/elon-musk,"Elon Musk - Tesla, Age & Family","Who Is Elon Musk? Elon Musk is a South African-born American entrepreneur and businessman who founded X.com in 1999 (which later became PayPal), SpaceX in 2002 ..."
https://www.bbc.com/news/technology-63402338,Elon Musk takes control of Twitter in $44bn deal - BBC News,"Oct 28, 2022 ... Elon Musk takes control of Twitter in $44bn deal ... Tesla chief executive Elon Musk addresses guests at a conference in Norway. ... The world's ..."
https://www.cnn.com/2022/10/30/business/musk-tweet-pelosi-conspiracy/index.html,Elon Musk tweets a conspiracy theory about attack on Paul Pelosi ...,"Oct 31, 2022 ... Elon Musk on Sunday gave credence to a fringe conspiracy theory about the violent attack on Paul Pelosi."
https://twitter.com/elonmusk/status/1585841080431321088,"Elon Musk on X: ""the bird is freed"" / X","Elon Musk · @elonmusk. the bird is freed. 3:49 AM · Oct 28, 2022 · 328K. Reposts · 52.9K. Quotes · 2.3M. Likes. 7,864. Bookmarks. 7.8K."
https://www.reuters.com/technology/elon-musk-takes-over-twitter-free-speech-limits-tested-2022-10-28/,Elon Musk manages free speech versus 'hellscape' at Twitter | Reuters,"Oct 29, 2022 ... Musk has been deluged with demands from banned account holders and world leaders. He said Twitter will form a content-moderation council ..."
https://www.ft.com/content/5ef14997-982e-4f03-8548-b5d67202623a,Elon Musk: 'Aren't you entertained?',"Oct 7, 2022 ... Musk is telling me that companies are like children when the first plates land on the table: the lamb chops in a pepper sauce, and shrimp with ..."
https://twitter.com/elonmusk/status/1577428272056389633?lang=en,"Elon Musk on X: ""Buying Twitter is an accelerant to creating X, the ...","Elon Musk · @elonmusk. Buying Twitter is an accelerant to creating X, the everything app. 10:39 PM · Oct 4, 2022 · 34.2K. Reposts · 11.7K."
https://www.reuters.com/markets/deals/elon-musk-completes-44-bln-acquisition-twitter-2022-10-28/,"Musk begins his Twitter ownership with firings, declares the 'bird is ...","Oct 28, 2022 ... Elon Musk has taken ownership of Twitter Inc with brutal efficiency, firing top executives but providing little clarity over how he will ..."
https://www.npr.org/2022/10/31/1132906782/elon-musk-twitter-pelosi-conspiracy,Twitter owner Elon Musk shares conspiracy theory about Pelosi : NPR,"Oct 31, 2022 ... Musk has deleted a tweet in which he shared misinformation about House Speaker Nancy Pelosi's husband, but not before it had been retweeted ..."
https://www.aljazeera.com/economy/2022/11/1/elon-musk-fires-twitter-board-making-himself-sole-director,"Elon Musk fires Twitter board, making himself sole director ...","Nov 1, 2022 ... Elon Musk fires Twitter board, making himself sole director. Tesla CEO becomes sole director of social media giant after finalising $44bn ..."
https://www.washingtonpost.com/technology/2022/10/27/twitter-elon-musk/,"Elon Musk Twitter deal closes, CEO fired - The Washington Post","Oct 27, 2022 ... As one of his first moves, he fired several longtime top Twitter executives, according to three people familiar with the matter who spoke on the ..."
https://news.cuanschutz.edu/news-stories/elon-musk-rockets-weight-loss-drug-into-public-eye,Elon Musk Rockets Weight-Loss Drug Into Public Eye,"Oct 19, 2022 ... And there is semaglutide (including Wegovy and Ozempic), which has the same separate doses for either diabetes or weight loss. Semaglutide has ..."
https://www.fiercepharma.com/marketing/novo-nordisks-wegovy-gets-surprise-endorsement-twitters-soon-be-new-owner-elon-musk,Novo Nordisk's Wegovy gets a surprise endorsement from Elon Musk,"Oct 13, 2022 ... How do you solve a problem like Elon Musk? Well, when it comes to his weight, there seems to be a simple answer: Novo Nordisk's Wegovy."
https://www.cnbc.com/2022/10/31/elon-musk-has-pulled-more-than-50-tesla-engineers-into-twitter.html,Elon Musk has pulled more than 50 Tesla employees into Twitter,"Oct 31, 2022 ... Tesla employees who Musk enlisted to help with his Twitter takeover include Autopilot engineers, security information workers and other ..."
https://www.wired.com/story/elon-musk-owns-twitter-deal/,Elon Musk Now Owns Twitter | WIRED,"Oct 28, 2022 ... Elon Musk Now Owns Twitter. After trying and failing to escape his $44 billion deal to buy the platform, Musk is in control and set to make ..."
https://www.wsj.com/articles/elon-musk-completes-twitter-takeover-11666918031,"Elon Musk Closes Twitter Deal, Immediately Fires Top Executives ...","Oct 28, 2022 ... Mr. Musk fired Chief Executive Parag Agrawal and Chief Financial Officer Ned Segal after the deal closed, the people said. Mr. Musk also fired ..."
https://www.axios.com/2022/04/25/elon-musk-twitter-changes,Everything Elon Musk wants to change about Twitter,"Oct 28, 2022 ... Elon Musk said in a note Thursday that Twitter must be ""warm and welcoming to all"" and not a ""free-for-all hellscape"" in order for it to reach ..."
https://www.nbcnews.com/news/us-news/elon-musk-new-owner-twitter-tweets-unfounded-conspiracy-theory-paul-pe-rcna54717,"Elon Musk, new owner of Twitter, tweets unfounded anti-LGBTQ ...","Oct 30, 2022 ... Elon Musk, the new owner of Twitter, tweeted and deleted an unfounded anti-LGBTQ conspiracy theory Sunday morning about the attack on House ..."
https://www.politico.com/news/magazine/2022/10/17/fiona-hill-putin-war-00061894,Fiona Hill: 'Elon Musk Is Transmitting a Message for Putin' - POLITICO,"Oct 17, 2022 ... Fiona Hill: 'Elon Musk Is Transmitting a Message for Putin'. Eight months into Russia's war against Ukraine, POLITICO talks to the Russia ..."
https://michiganross.umich.edu/news/elon-musk-takes-twitter-private-here-s-what-means-company-and-its-future-success,Elon Musk Takes Twitter Private – Here's What That Means for the ...,"Oct 27, 2022 ... Taking a company private, as Musk intends to do, reverses the IPO. If it goes through, the Tesla billionaire will pay Twitter shareholders ..."
https://www.theverge.com/2022/10/28/23428132/elon-musk-twitter-acquisition-problems-speech-moderation,"Welcome to hell, Elon - The Verge","Oct 28, 2022 ... Elon Musk now owns Twitter — and a huge number of impossible political problems around speech, content moderation, and trying to make money."
https://www.montclair.edu/school-of-communication-and-media/2022/10/29/study-finds-hate-speech-increases-on-twitter-after-elon-musk-acquisition/,Study Finds Hate Speech Increases On Twitter After Elon Musk ...,"Oct 29, 2022 ... FOR IMMEDIATE RELEASE October 28, 2022 A team of faculty from the Joetta Di Bella and Fred C. Sautter III Center for Strategic Communication ..."
https://theintercept.com/2022/10/28/elon-musk-twitter/,"By Buying Twitter, Elon Musk Created His Own Nightmare","Oct 28, 2022 ... The statement starts off, promisingly, with a blatant lie: “The reason I acquired Twitter is because it is important for the future of ..."
https://www.cbsnews.com/sanfrancisco/news/elon-musk-announces-plans-for-everything-app-under-twitter-banner/,Elon Musk announces plans for 'everything app' under Twitter ...,"Oct 15, 2022 ... Elon Musk apparently intends to morph Twitter into an ""everything app"" he calls X."
https://www.cnet.com/news/social-media/elon-musk-takes-over-twitter-fires-executives/,"Elon Musk Takes Over Twitter, Fires Executives - CNET","Oct 28, 2022 ... The Washington Post, citing a person familiar with the matter, reported on Thursday evening that Musk's takeover had begun. Musk fired key ..."
https://techcrunch.com/2022/10/27/elon-musk-bought-twitter/,It happened: Elon Musk officially owns Twitter | TechCrunch,"Oct 27, 2022 ... Musk accomplished the unthinkable: he bought Twitter for $44 billion, a costly price for what social platforms are worth."
https://btlaw.com/en/insights/news/2022/elon-musks-renewed-twitter-bid-puts-pressure-on-wall-st-banks-backing-him,Elon Musk's Renewed Twitter Bid Puts Pressure on Wall St. Banks ...,"Oct 5, 2022 ... Michael Maimone was quoted in an article in The New York Times, “Elon Musk's Renewed Twitter Bid Puts Pressure on Wall St. Banks Backing Him ..."
https://www.linkedin.com/posts/lowinnkibbey_with-elon-musks-visibility-there-is-incredible-activity-6437314089806032896-ZJSB?trk=public_profile_like_view,Lowinn Kibbey on LinkedIn: With Elon Musk's visibility 'there is ...,"For countless CEOs around the world, Elon Musk's transparency into the incredible pressure and isolation of his role was a watershed moment. The vast ..."
https://www.bbc.co.uk/programmes/p0db9rp3,"BBC Radio 4 - Elon Musk vs Twitter, Elon Musk versus Twitter, 5 ...","Oct 28, 2022 ... The news is in, Elon Musk has closed the deal with Twitter. We find out how he broke the news, who he has fired, and ask - what is going on ..."
https://www.bbc.co.uk/iplayer/episodes/m001d1n9/the-elon-musk-show,BBC iPlayer - The Elon Musk Show,Uncovering the story of how Elon Musk became the richest man who has ever lived.
https://www.bbc.co.uk/programmes/p0d9q5kr,BBC Radio 4 - Elon Musk vs Twitter,"Oct 27, 2022 ... What's the deal with Elon Musk's Twitter deal? How did it go from a $44 billion offer to a potential $44 billion lawsuit? Show more."
https://www.theguardian.com/business/live/2022/oct/28/elon-musk-bought-twitter-natwest-profits-economy-inflation-business-live?filterKeyEvents=false&page=with:block-635bdbed8f08d67823c478af,Twitter shares taken off stock exchange after Elon Musk seals $44bn ...,"Oct 28, 2022 ... Donald Trump says he is happy Twitter is in 'sane hands,' as SEC filing confirms the Tesla billionaire has bought the social media platform ..."
https://az.wikipedia.org/wiki/%C4%B0lon_Mask,İlon Mask — Vikipediya,"Elon Reeve Musk; 28 iyun 1971, Pretoriya, CAR) — Cənubi Afrika Respublikasında doğulmuş ABŞ sahibkar, mühəndis, investor və milyarderi. Mask SpaceX şirkətinin ..."
https://www.youtube.com/watch?v=a5g80dHqRQE,The Elon Musk Show | Trailer - BBC - YouTube,"Oct 10, 2022 ... Subscribe and to the BBC https://bit.ly/BBCYouTubeSub Watch the BBC first on iPlayer https://bbc.in/iPlayer-Home ""From the age of ..."
https://m.youtube.com/watch?v=1r9pBJsICR4,Elon Musk takes over Twitter amid mixed reactions from politicians ...,"Oct 28, 2022 ... Elon Musk solidified his ownership of Twitter on Thursday evening, including firing several top executives, as his US$44-billion deal ..."
https://www.nytimes.com/2022/11/11/technology/elon-musk-twitter-takeover.html,Inside Elon Musk's Takeover of Twitter - The New York Times,"Nov 11, 2022 ... Two Weeks of Chaos: Inside Elon Musk's Takeover of Twitter. Mr. Musk ordered immediate layoffs, fired executives by email and laid down product ..."
https://www.bloomberg.com/news/articles/2022-11-10/musk-s-first-email-to-twitter-staff-ends-remote-work,Elon Musk's First Email to Twitter Staff Ends Work from Home ...,"Nov 10, 2022 ... New Twitter Inc. owner Elon Musk emailed his workers for the first time late Wednesday to prepare them for “difficult times ahead” and ban ..."
https://www.brookings.edu/articles/why-is-elon-musks-twitter-takeover-increasing-hate-speech/,Why is Elon Musk's Twitter takeover increasing hate speech ...,"Nov 23, 2022 ... Musk's acquisition of Twitter and his potential plans to loosen moderation guidelines will exacerbate the proliferation of hate speech and ..."
https://www.cnn.com/2022/11/03/tech/twitter-layoffs/index.html,Twitter layoffs: Elon Musk's Twitter cuts jobs across the company ...,"Nov 3, 2022 ... Twitter on Friday laid off thousands of employees in departments across the company, in a severe round of cost cutting that could ..."
https://abcnews.go.com/Business/timeline-elon-musks-tumultuous-twitter-acquisition-attempt/story?id=86611191,A timeline of Elon Musk's tumultuous Twitter acquisition - ABC News,"Nov 11, 2022 ... April 14 – Musk offers to buy Twitter at $54.20 per share, valuing the company at about $43 billion, according to a securities filing. The offer ..."
https://www.ohchr.org/en/press-releases/2022/11/un-human-rights-chief-turk-issues-open-letter-twitters-elon-musk,UN Human Rights Chief Türk issues open letter to Twitter's Elon Musk |,"Nov 5, 2022 ... GENEVA (5 November 2022) – UN High Commissioner for Human Rights Volker Türk on Saturday issued an open letter to Elon Musk, Chief Executive ..."
https://twitter.com/elonmusk/status/1597165510595989504?lang=en,"Elon Musk on X: ""My bedside table https://t.co/sIdRYJcLTK"" / X","Elon Musk · @elonmusk. My bedside table. Image. 9:48 AM · Nov 28, 2022 · 53.1K. Reposts · 28.4K. Quotes · 844K. Likes. 6,856. Bookmarks. 6.8K."
https://www.cnbc.com/2022/11/30/elon-musk-meets-tim-cook-says-apple-never-considered-removing-twitter-app-.html,"Elon Musk meets Tim Cook, says Apple never considered removing ...","Nov 30, 2022 ... The meeting marks a significant de-escalation days after Musk went on a tweet storm accusing Apple of threatening to pull the Twitter app from ..."
https://twitter.com/elonmusk/status/1593767953706921985?lang=en,"Elon Musk on X: ""Reinstate former President Trump"" / X","Elon Musk · @elonmusk. Reinstate former President Trump. Yes. 51.8%. No. 48.2%. 15,085,458 votes·Final results. 12:47 AM · Nov 19, 2022 · 211.8K."
https://www.bbc.com/news/business-63648505,Elon Musk tells Twitter staff to work long hours or leave - BBC News,"Nov 17, 2022 ... Elon Musk tells Twitter staff to work long hours or leave ... Elon Musk seen through the Twitter logo. ... Elon Musk has told Twitter staff that ..."
https://www.reuters.com/technology/elon-musk-says-expects-neuralink-begin-human-trials-six-months-2022-12-01/,Elon Musk expects Neuralink's brain chip to begin human trials in 6 ...,"Dec 1, 2022 ... Elon Musk said on Wednesday he expects a wireless brain chip developed by his company Neuralink to begin human clinical trials in six months ..."
https://www.axios.com/2022/12/01/elon-musk-twitter-republican-conservative-politics,Elon Musk has become a Republican,"Dec 1, 2022 ... The billionaire insists he is ""neither conventionally right nor left"" — but he also says the threat to free speech allegedly posed by Democrats ..."
https://www.nbcnews.com/business/business-news/twitter-elon-musk-timeline-what-happened-so-far-rcna57532,A timeline of Elon Musk's takeover of Twitter,"Nov 17, 2022 ... April 2022. On April 5, Musk discloses he has purchased more than 9% of Twitter's shares on the open market. At first, he is offered a board ..."
https://www.npr.org/2022/11/25/1139180002/twitter-loses-50-top-advertisers-elon-musk,Twitter has lost half of its top 100 advertisers since Elon Musk ...,"Nov 25, 2022 ... Half of Twitter's top 100 advertisers appear to no longer be advertising on the website. A new report states that these 50 advertisers have ..."
https://www.reuters.com/technology/after-elon-musks-ultimatum-twitter-employees-start-exiting-2022-11-18/,"After Elon Musk's ultimatum, Twitter employees start exiting | Reuters","Nov 18, 2022 ... Hundreds of Twitter Inc employees are estimated to have decided to quit the beleaguered social media company following a Thursday deadline ..."
https://www.wsj.com/articles/elon-musk-boring-company-tunnel-traffic-11669658396,Elon Musk's Boring Company Ghosts Cities Across America - WSJ,"Nov 28, 2022 ... The Boring Co., based in Pflugerville, Texas, occupies an odd place in Mr. Musk's business empire, which includes Tesla, Space Exploration ..."
https://www.technologyreview.com/2022/11/03/1062752/twitter-may-have-lost-more-than-a-million-users-since-elon-musk-took-over/,Twitter may have lost more than a million users since Elon Musk ...,"Nov 3, 2022 ... Third-party estimates from Bot Sentinel suggest that more than 875000 users deactivated their accounts between October 27 and November 1, ..."
https://news.harvard.edu/gazette/story/2022/11/is-there-method-to-musks-madness-on-twitter/,Is there method to Musk's madness on Twitter? — Harvard Gazette,"Nov 22, 2022 ... Harvard Business School's Andy Wu says given his track record at SpaceX and Tesla, it's not surprising what Elon Musk has been doing at ..."
https://www.theverge.com/2022/11/21/23472025/elon-musk-twitter-hiring-again-ending-layoffs,Elon Musk says Twitter is done with layoffs and ready to hire again ...,"Nov 21, 2022 ... After a brutal wave of layoffs and resignations, Elon Musk told Twitter employees that the company wants to hire more engineers."
https://www.newyorker.com/news/daily-comment/why-i-quit-elon-musks-twitter,Why I Quit Elon Musk's Twitter | The New Yorker,"Nov 27, 2022 ... My sepia-tinted memories of what Twitter was—or could possibly have become—dissolved at the prospect of stuffing money in the pocket of the ..."
https://www.ft.com/content/a07ca1ae-9f9a-46ee-9457-27bb30e18ed2,EU and US turn up the heat on Elon Musk over Twitter,"Nov 30, 2022 ... The European Commission on Wednesday threatened Musk with a ban unless Twitter abides by strict content moderation rules, as US Treasury ..."
https://www.rutgers.edu/news/will-twitter-survive-elon-musk,Will Twitter Survive Elon Musk? | Rutgers University,"Dec 1, 2022 ... Will Twitter Survive Elon Musk? · News that Elon Musk bought Twitter for $44 billion on Oct. · In little more than a month, Musk slashed his ..."
https://www.theverge.com/2022/11/21/23472025/elon-musk-twitter-hiring-again-ending-layoffs,Elon Musk says Twitter is done with layoffs and ready to hire again ...,"Nov 21, 2022 ... After a brutal wave of layoffs and resignations, Elon Musk told Twitter employees that the company wants to hire more engineers."
https://www.theguardian.com/technology/2022/nov/16/elon-musk-gives-twitter-staff-deadline-to-commit-to-being-hardcore,Elon Musk gives Twitter staff deadline to commit to being 'hardcore ...,"Nov 16, 2022 ... Elon Musk gives Twitter staff deadline to commit to being 'hardcore' ... Elon Musk has given Twitter's remaining staff a Thursday deadline to ..."
https://www.youtube.com/watch?v=xv2_F4FwFiM,Elon Musk's Neuralink Event: Everything Revealed in 10 Minutes ...,"Nov 30, 2022 ... Elon Musk and researchers at Neuralink reveal a series of demos showing the progress in the company's brain-computer interface technologies."
https://abc7news.com/elon-musk-hardcore-twitter-resignations-ultimatum/12465940/,Elon Musk's Twitter sends email to employees saying company ...,"Nov 17, 2022 ... Elon Musk's Twitter send staff email saying company offices are temporarily closed and badge access is restricted through Monday."
https://news.syr.edu/blog/2022/11/17/elon-musk-has-the-potential-to-completely-change-twitter/,Elon Musk Has The Potential To Completely Change Twitter ...,"Nov 17, 2022 ... Roy Gutterman, associate professor of magazine, news and digital journalism and director of the Tully Center for Free Speech in the Newhouse ..."
https://en.wikipedia.org/wiki/Justine_Musk,Justine Musk - Wikipedia,"Personal life edit. In January 2000, Wilson married Elon Musk. Their first child was born in 2002 and died of sudden infant death syndrome (SIDS) at the age of ..."
https://www.protocol.com/elon-musk-flight-tracker,Elon Musk offers $50k to teen to remove flight tracker bot - Protocol,"@ElonJet is one of 15 flight-tracking accounts Sweeney has created, run by bots he's programmed to parse the data and tweet every time a chosen plane takes off ..."
https://law.stanford.edu/podcasts/mc-weekly-news-roundup-11-7-the-elon-musk-jd-program/,MC Weekly News Roundup 11/7: The Elon Musk JD Program ...,"Nov 7, 2022 ... Evelyn and Alex discuss Musk's ""just tweet through it"" approach to Twitter ownership; the pros and cons of the great Mastodon Migration."
https://history.washington.edu/news/2022/11/03/who-are-elon-musks-right-hand-men-twitter,Who are Elon Musk's right-hand men at Twitter? | Department of ...,"Who are Elon Musk's right-hand men at Twitter? Submitted by Arts & Sciences Web Team on November 3, 2022 - 5:00 pm. Featured on NBC News. News Topic."
https://theintercept.com/2022/11/29/elon-musk-twitter-andy-ngo-antifascist/,Twitter Thrills Far-Right Trolls by Silencing Left-Wing Voices,"Nov 29, 2022 ... Elon Musk appears to have outsourced decisions about who to ban from Twitter to the platform's right-wing extremists, like Andy Ngo."
https://www.winston.com/print/v2/content/1054796/tyler-mcgaughey-discusses-cfius-jurisdiction-over-the-elon-musk-twitter-deal-in-foreign-investment-watch.pdf,Tyler McGaughey Discusses CFIUS Jurisdiction Over the Elon Musk ...,"Nov 6, 2022 ... Winston & Strawn's lead CFIUS attorney, Tyler McGaughey, spoke with Foreign Investment Watch regarding whether the Elon Musk Twitter deal ..."
https://www.beckershospitalreview.com/digital-marketing/how-twitter-takeover-by-elon-musk-transgender-care-misinformation-affect-digital-marketing-at-lurie-s?utm_campaign=bhr&utm_source=website&utm_content=related,"How Twitter takeover by Elon Musk, transgender care ...","Nov 10, 2022 ... As Elon Musk continues his takeover of Twitter, making dramatic changes like charging subscriptions for blue checkmarks, hospital and health ..."
https://wtop.com/tech/2022/11/elon-musk-pay-package-at-tesla-challenged-in-court/,Elon Musk pay package at Tesla challenged in court - WTOP News,"Nov 14, 2022 ... Testimony began Monday in a Delaware courtroom where Tesla shareholders are challenging a compensation plan for CEO Elon Musk potentially ..."
https://nclalegal.org/2022/11/as-elon-musk-fights-censorship-states-take-aim-at-anthony-fauci-big-tech/,"As Elon Musk Fights Censorship, States Take Aim at Anthony Fauci ...","Nov 30, 2022 ... No, Fauci preferred the vague term “social distancing,” says Jenin Younes, litigation lawyer with the New Civil Liberties Alliance, ..."
https://www.searchenginejournal.com/elon-musks-twitter-takeover-a-timeline-of-events/470927/,Elon Musk's Twitter Takeover: A Timeline Of Events,"Nov 16, 2022 ... Elon Musk's Twitter Takeover: A Timeline Of Events. A timeline of events leading up to, and following, Elon Musk's takeover of Twitter. ... Elon ..."
https://sites.tufts.edu/ibgc/to-save-twitter-elon-musk-should-fire-himself/,"To Save Twitter, Elon Musk Should Fire Himself – Institute for ...","To Save Twitter, Elon Musk Should Fire Himself. November 18, 2022 February 6, 2023 Adam E Wladyszewski. Musk's conflicts of interest make him too dangerous ..."
https://www.kxan.com/news/national-news/statue-of-elon-musks-head-on-the-body-of-a-goat-delivered-to-tesla-factory-in-texas/amp/,"Elon Musk statue spotted in Texas, delivered to Tesla's ...","Nov 28, 2022 ... Statue of Elon Musk's head on the body of a goat delivered to Tesla factory in Texas ... “We built Elon Musk a $600,000 monument on the back of a ..."
https://www.bbc.co.uk/programmes/w172ydq6bmxgblq,"BBC World Service - Business Matters, Elon Musk backtracks on ...","Nov 30, 2022 ... Elon Musk now says Twitter will not be removed by Apple after meeting with Tim Cook. Show more. Twitter owner Elon Musk says he and Apple ..."
https://www.suno.com.br/tudo-sobre/elon-musk/,"Elon Musk: conheça o bilionário dono da Tesla, da SpaceX e do ...",Quem é Elon Musk? Elon Musk é um empreendedor sul-africano (com cidadanias canadense e norte-americana) mundialmente conhecido por fundar e liderar empresas ...
https://tuoitre.vn/elon-musk.html,"Tin tức, sự kiện liên quan đến elon musk - Tuổi Trẻ Online","Elon Musk: Bên trong người đàn ông quyền lực là đứa trẻ tổn thương. Nhiều góc khuất được hé lộ trong cuốn tiểu sử 'Elon Musk' của nhà báo Walter Isaacson, gồm ..."
https://nl.wikipedia.org/wiki/Elon_Musk,Elon Musk - Wikipedia,"Elon Musk ... Elon Reeve Musk (Pretoria, 28 juni 1971) is een Zuid-Afrikaans-Canadees-Amerikaans ondernemer. Hij is de oprichter van SpaceX en medebedenker en - ..."
https://www.cnn.com/2022/12/07/business/elon-musk-wealth/index.html,"Elon Musk is no longer the richest man on the planet, according to ...","Dec 8, 2022 ... Elon Musk is no longer the world's richest person, according to Forbes."
https://twitter.com/elonmusk/status/1605372724800393216?lang=en,"Elon Musk on X: ""I will resign as CEO as soon as I find someone ...","Dec 21, 2022 ... Elon Musk · @elonmusk. I will resign as CEO as soon as I find someone foolish enough to take the job! After that, I will just run the software ..."
https://www.investopedia.com/articles/personal-finance/061015/how-elon-musk-became-elon-musk.asp,Who Is Elon Musk?,"Educated at the University of Pennsylvania in physics, Musk started getting his feet wet as a serial tech entrepreneur with early successes like Zip2 and X.com, ..."
https://twitter.com/elonmusk/status/1604617643973124097?lang=en,"Elon Musk on X: ""Should I step down as head of Twitter? I will abide ...","Dec 18, 2022 ... Conversation ... Should I step down as head of Twitter? I will abide by the results of this poll."
https://www.npr.org/2022/12/15/1143291081/twitter-suspends-journalists-elon-musk-jet,Twitter suspends journalists who shared information about Elon ...,"Dec 15, 2022 ... Suspensions follow Musk's 'crazy stalker' allegations. On Wednesday, Musk suspended accounts that track the movement of private jets used by ..."
https://www.nytimes.com/2022/12/04/business/media/elon-musk-twitter-matt-taibbi.html,Elon Musk and Matt Taibbi Set Off Debate Over Release of Twitter ...,"Dec 8, 2022 ... The so-called Twitter Files, released Friday evening by the independent journalist Matt Taibbi, set off a firestorm among pundits, media ..."
https://fortune.com/2022/12/11/elon-musk-history-with-chatgpt-maker-openai-as-told-by-the-ai-chatbot-itself/,Elon Musk's history with ChatGPT maker OpenAI as told by ChatGPT ...,"Dec 11, 2022 ... Speaking of buzz, few people have been generating more of it lately than Elon Musk, who leads Tesla, SpaceX, and now Twitter, among other ..."
https://www.nbcnews.com/tech/social-media/twitter-suspends-journalists-covering-elon-musk-company-rcna62032,Twitter suspends journalists who have been covering Elon Musk ...,"Dec 16, 2022 ... Twitter suspends journalists who have been covering Elon Musk and the company. Musk joined a Twitter Space to say the suspensions were related ..."
https://www.reuters.com/technology/elon-musk-says-expects-neuralink-begin-human-trials-six-months-2022-12-01/,Elon Musk expects Neuralink's brain chip to begin human trials in 6 ...,"Dec 1, 2022 ... Elon Musk said on Wednesday he expects a wireless brain chip developed by his company Neuralink to begin human clinical trials in six months ..."
https://www.axios.com/2022/12/01/elon-musk-twitter-republican-conservative-politics,Elon Musk has become a Republican,"Dec 1, 2022 ... The billionaire insists he is ""neither conventionally right nor left"" — but he also says the threat to free speech allegedly posed by Democrats ..."
https://abcnews.go.com/Business/elon-musks-resignation-twitter-hell-give-control-experts/story?id=95649617,Does Elon Musk's resignation from Twitter mean he'll give up control ...,"Dec 22, 2022 ... The billionaire entrepreneur, who owns Twitter, said on Tuesday that he will step down as soon as the company identifies a successor. The move ..."
https://www.npr.org/2022/12/12/1139619598/twitter-blue-relaunch,Elon Musk relaunches Twitter Blue : NPR,"Dec 12, 2022 ... Twitter has introduced a color-coded system for people, companies and governments: Gold is for companies; gray for governments and blue for ..."
https://www.bloomberg.com/news/articles/2022-12-30/elon-musk-becomes-first-person-ever-to-lose-200-billion,Elon Musk Becomes First Person Ever to Lose $200 Billion ...,"Dec 30, 2022 ... Elon Musk Becomes First Person Ever to Lose $200 Billion. The Tesla CEO has seen his wealth tumble in recent weeks after shares of the electric ..."
https://www.bbc.com/news/business-your-money-64021412,Elon Musk: Twitter users vote in favour of boss resigning - BBC News,"Dec 19, 2022 ... Elon Musk: Twitter users vote in favour of boss resigning ... Twitter users have voted in favour of Elon Musk stepping down as the platform's ..."
https://time.com/6239534/elon-musk-one-year-after-person-of-the-year/,Elon Musk Has Lost Sight of What Matters | Time,"Dec 8, 2022 ... Musk's crown jewel, Tesla, has been dragged down as well—the car and battery company has lost more than half its value since the beginning of ..."
https://www.bloomberg.com/news/features/2022-12-14/elon-musk-twitter-ownership-full-of-firings-ad-cuts-chaos,"Elon Musk Twitter Ownership Full of Firings, Ad Cuts, Chaos ...","Dec 14, 2022 ... Musk had already proclaimed publicly that he didn't believe in permanent Twitter bans. So here was a moment for a careful response—perhaps an ..."
https://www.youtube.com/watch?v=xv2_F4FwFiM,Elon Musk's Neuralink Event: Everything Revealed in 10 Minutes ...,"Nov 30, 2022 ... Elon Musk and researchers at Neuralink reveal a series of demos showing the progress in the company's brain-computer interface technologies."
https://apnews.com/article/elon-musk-technology-business-dac21de7abb6167bb604f5317aeda10a,Twitter suspends journalists who wrote about owner Elon Musk | AP ...,"Dec 16, 2022 ... Twitter has suspended the accounts of journalists who cover the social media platform and its new owner Elon Musk."
https://www.vox.com/recode/2022/12/8/23498861/elon-musk-boring-company-tunnels-finished,Elon Musk's Boring Company is building tunnels to nowhere - Vox,"Dec 8, 2022 ... Musk's new company bought a machine and started boring a tunnel under Hawthorne. An opening party for the test tunnel in late 2018 received ..."
https://www.theatlantic.com/technology/archive/2022/12/elon-musk-twitter-far-right-activist/672436/,Elon Musk Is a Far-Right Activist - The Atlantic,"Dec 11, 2022 ... Elon Musk Is a Far-Right Activist. One tweet says it all. ... In five words, Musk manages to mock transgender and nonbinary people, signal his ..."
https://en.m.wikipedia.org/wiki/File:Elon_Musk_Royal_Society_(crop2).jpg,File:Elon Musk Royal Society (crop2).jpg - Wikipedia,File:Elon Musk Royal Society (crop2).jpg ... Size of this preview: 452 × 599 pixels. Other resolutions: 181 × 240 pixels | 362 × 480 pixels | 580 × 768 pixels | ...
https://www.washingtonpost.com/technology/2022/12/24/elon-musk-twitter-meltdown-tesla/,Elon Musk's unpredictable Twitter habits have Tesla investors ...,"Dec 24, 2022 ... Musk has always been unpredictable and freewheeling with his public persona, but with Twitter, his actions have directly affected the business, ..."
https://digitalplanet.tufts.edu/explainer-how-elon-musk-is-changing-what-you-see-on-twitter/,Explainer: How Elon Musk is changing what you see on Twitter ...,"Dec 14, 2022 ... The social media platform's new owner, Elon Musk, has been trying to prove through giving selected journalists access to some of the ..."
https://sites.tufts.edu/ibgc/how-elon-musk-is-changing-what-you-see-on-twitter/,How Elon Musk is changing what you see on Twitter – Institute for ...,"Dec 16, 2022 ... This week, Musk disbanded the Trust and Safety Council, made up of civil, human rights and other organizations to address hate speech, ..."
https://www.beckershospitalreview.com/hospital-management-administration/i-dont-pay-attention-to-that-fauci-responds-to-elon-musks-prosecute-fauci-tweet?utm_campaign=bhr&utm_source=website&utm_content=related,'I don't pay attention to that': Fauci responds to Elon Musk's ...,"Dec 14, 2022 ... Anthony Fauci, MD, offered a brief and straightforward response to Twitter owner Elon Musk's recent post calling for the prosecution of the ..."
